<annotation>
  <folder></folder>
  <filename>0.jpg</filename>
  <source>
    <database>Unknown</database>
    <annotation>Unknown</annotation>
    <image>Unknown</image>
  </source>
  <size>
    <width>300</width>
    <height>200</height>
    <depth>3</depth>
  </size>
  <segmented>0</segmented>
  <object>
    <name>window</name>
    <bndbox>
      <xmin>39.927734375</xmin>
      <ymin>3.787109375</ymin>
      <xmax>257.4716033935547</xmax>
      <ymax>138.73988342285156</ymax>
    </bndbox>
  </object>
</annotation>
