<annotation>
  <folder></folder>
  <filename>1.jpg</filename>
  <source>
    <database>Unknown</database>
    <annotation>Unknown</annotation>
    <image>Unknown</image>
  </source>
  <size>
    <width>300</width>
    <height>200</height>
    <depth>3</depth>
  </size>
  <segmented>0</segmented>
  <object>
    <name>window</name>
    <bndbox>
      <xmin>25.08203125</xmin>
      <ymin>8.64453125</ymin>
      <xmax>243.70550537109375</xmax>
      <ymax>147.3759765625</ymax>
    </bndbox>
  </object>
</annotation>
