<annotation>
  <folder></folder>
  <filename>10.jpg</filename>
  <source>
    <database>Unknown</database>
    <annotation>Unknown</annotation>
    <image>Unknown</image>
  </source>
  <size>
    <width>300</width>
    <height>200</height>
    <depth>3</depth>
  </size>
  <segmented>0</segmented>
  <object>
    <name>window</name>
    <bndbox>
      <xmin>33.7197265625</xmin>
      <ymin>51.01953125</ymin>
      <xmax>137.63335418701172</xmax>
      <ymax>116.336669921875</ymax>
    </bndbox>
  </object>
</annotation>
