<annotation>
  <folder></folder>
  <filename>100.jpg</filename>
  <source>
    <database>Unknown</database>
    <annotation>Unknown</annotation>
    <image>Unknown</image>
  </source>
  <size>
    <width>300</width>
    <height>200</height>
    <depth>3</depth>
  </size>
  <segmented>0</segmented>
  <object>
    <name>window</name>
    <bndbox>
      <xmin>28.591796875</xmin>
      <ymin>45.3525390625</ymin>
      <xmax>270.6970520019531</xmax>
      <ymax>124.43486022949219</ymax>
    </bndbox>
  </object>
</annotation>
