<annotation>
  <folder></folder>
  <filename>103.jpg</filename>
  <source>
    <database>Unknown</database>
    <annotation>Unknown</annotation>
    <image>Unknown</image>
  </source>
  <size>
    <width>300</width>
    <height>200</height>
    <depth>3</depth>
  </size>
  <segmented>0</segmented>
  <object>
    <name>window</name>
    <bndbox>
      <xmin>78.5234375</xmin>
      <ymin>31.8564453125</ymin>
      <xmax>223.46270751953125</xmax>
      <ymax>138.7390365600586</ymax>
    </bndbox>
  </object>
</annotation>
