<annotation>
  <folder></folder>
  <filename>105.jpg</filename>
  <source>
    <database>Unknown</database>
    <annotation>Unknown</annotation>
    <image>Unknown</image>
  </source>
  <size>
    <width>300</width>
    <height>200</height>
    <depth>3</depth>
  </size>
  <segmented>0</segmented>
  <object>
    <name>window</name>
    <bndbox>
      <xmin>144.650390625</xmin>
      <ymin>55.068359375</ymin>
      <xmax>245.0552520751953</xmax>
      <ymax>133.07106018066406</ymax>
    </bndbox>
  </object>
</annotation>
