<annotation>
  <folder></folder>
  <filename>109.jpg</filename>
  <source>
    <database>Unknown</database>
    <annotation>Unknown</annotation>
    <image>Unknown</image>
  </source>
  <size>
    <width>300</width>
    <height>200</height>
    <depth>3</depth>
  </size>
  <segmented>0</segmented>
  <object>
    <name>window</name>
    <bndbox>
      <xmin>90.669921875</xmin>
      <ymin>36.4453125</ymin>
      <xmax>210.5079803466797</xmax>
      <ymax>112.28877258300781</ymax>
    </bndbox>
  </object>
</annotation>
