<annotation>
  <folder></folder>
  <filename>11.jpg</filename>
  <source>
    <database>Unknown</database>
    <annotation>Unknown</annotation>
    <image>Unknown</image>
  </source>
  <size>
    <width>300</width>
    <height>200</height>
    <depth>3</depth>
  </size>
  <segmented>0</segmented>
  <object>
    <name>window</name>
    <bndbox>
      <xmin>109.0234375</xmin>
      <ymin>4.300000000001091</ymin>
      <xmax>252.34327697753906</xmax>
      <ymax>139.27926635742188</ymax>
    </bndbox>
  </object>
</annotation>
