<annotation>
  <folder></folder>
  <filename>112.jpg</filename>
  <source>
    <database>Unknown</database>
    <annotation>Unknown</annotation>
    <image>Unknown</image>
  </source>
  <size>
    <width>300</width>
    <height>200</height>
    <depth>3</depth>
  </size>
  <segmented>0</segmented>
  <object>
    <name>window</name>
    <bndbox>
      <xmin>126.8369140625</xmin>
      <ymin>55.30000000000109</ymin>
      <xmax>252.34298706054688</xmax>
      <ymax>128.48375701904297</ymax>
    </bndbox>
  </object>
</annotation>
