<annotation>
  <folder></folder>
  <filename>115.jpg</filename>
  <source>
    <database>Unknown</database>
    <annotation>Unknown</annotation>
    <image>Unknown</image>
  </source>
  <size>
    <width>300</width>
    <height>200</height>
    <depth>3</depth>
  </size>
  <segmented>0</segmented>
  <object>
    <name>window</name>
    <bndbox>
      <xmin>141.1416015625</xmin>
      <ymin>7.8349609375</ymin>
      <xmax>260.70975494384766</xmax>
      <ymax>173.82687377929688</ymax>
    </bndbox>
  </object>
</annotation>
