<annotation>
  <folder></folder>
  <filename>118.jpg</filename>
  <source>
    <database>Unknown</database>
    <annotation>Unknown</annotation>
    <image>Unknown</image>
  </source>
  <size>
    <width>300</width>
    <height>200</height>
    <depth>3</depth>
  </size>
  <segmented>0</segmented>
  <object>
    <name>window</name>
    <bndbox>
      <xmin>46.4052734375</xmin>
      <ymin>24.83984375</ymin>
      <xmax>224.5429229736328</xmax>
      <ymax>154.1245880126953</ymax>
    </bndbox>
  </object>
</annotation>
