<annotation>
  <folder></folder>
  <filename>119.jpg</filename>
  <source>
    <database>Unknown</database>
    <annotation>Unknown</annotation>
    <image>Unknown</image>
  </source>
  <size>
    <width>300</width>
    <height>200</height>
    <depth>3</depth>
  </size>
  <segmented>0</segmented>
  <object>
    <name>window</name>
    <bndbox>
      <xmin>94.447265625</xmin>
      <ymin>24.0302734375</ymin>
      <xmax>214.82513427734375</xmax>
      <ymax>107.16117858886719</ymax>
    </bndbox>
  </object>
</annotation>
