<annotation>
  <folder></folder>
  <filename>12.jpg</filename>
  <source>
    <database>Unknown</database>
    <annotation>Unknown</annotation>
    <image>Unknown</image>
  </source>
  <size>
    <width>300</width>
    <height>200</height>
    <depth>3</depth>
  </size>
  <segmented>0</segmented>
  <object>
    <name>window</name>
    <bndbox>
      <xmin>147.080078125</xmin>
      <ymin>26.200000000000728</ymin>
      <xmax>279.3337860107422</xmax>
      <ymax>125.51447296142578</ymax>
    </bndbox>
  </object>
</annotation>
