<annotation>
  <folder></folder>
  <filename>120.jpg</filename>
  <source>
    <database>Unknown</database>
    <annotation>Unknown</annotation>
    <image>Unknown</image>
  </source>
  <size>
    <width>300</width>
    <height>200</height>
    <depth>3</depth>
  </size>
  <segmented>0</segmented>
  <object>
    <name>window</name>
    <bndbox>
      <xmin>127.3759765625</xmin>
      <ymin>29.9677734375</ymin>
      <xmax>215.90499114990234</xmax>
      <ymax>126.59395599365234</ymax>
    </bndbox>
  </object>
</annotation>
