<annotation>
  <folder></folder>
  <filename>121.jpg</filename>
  <source>
    <database>Unknown</database>
    <annotation>Unknown</annotation>
    <image>Unknown</image>
  </source>
  <size>
    <width>300</width>
    <height>200</height>
    <depth>3</depth>
  </size>
  <segmented>0</segmented>
  <object>
    <name>window</name>
    <bndbox>
      <xmin>97.6865234375</xmin>
      <ymin>56.1484375</ymin>
      <xmax>242.8957061767578</xmax>
      <ymax>119.84614562988281</ymax>
    </bndbox>
  </object>
</annotation>
