<annotation>
  <folder></folder>
  <filename>123.jpg</filename>
  <source>
    <database>Unknown</database>
    <annotation>Unknown</annotation>
    <image>Unknown</image>
  </source>
  <size>
    <width>300</width>
    <height>200</height>
    <depth>3</depth>
  </size>
  <segmented>0</segmented>
  <object>
    <name>window</name>
    <bndbox>
      <xmin>132.2353515625</xmin>
      <ymin>7.300000000001091</ymin>
      <xmax>217.52549743652344</xmax>
      <ymax>146.56637573242188</ymax>
    </bndbox>
  </object>
</annotation>
