<annotation>
  <folder></folder>
  <filename>124.jpg</filename>
  <source>
    <database>Unknown</database>
    <annotation>Unknown</annotation>
    <image>Unknown</image>
  </source>
  <size>
    <width>300</width>
    <height>200</height>
    <depth>3</depth>
  </size>
  <segmented>0</segmented>
  <object>
    <name>window</name>
    <bndbox>
      <xmin>43.166015625</xmin>
      <ymin>35.365234375</ymin>
      <xmax>254.2321319580078</xmax>
      <ymax>139.81867218017578</ymax>
    </bndbox>
  </object>
</annotation>
