<annotation>
  <folder></folder>
  <filename>126.jpg</filename>
  <source>
    <database>Unknown</database>
    <annotation>Unknown</annotation>
    <image>Unknown</image>
  </source>
  <size>
    <width>300</width>
    <height>200</height>
    <depth>3</depth>
  </size>
  <segmented>0</segmented>
  <object>
    <name>window</name>
    <bndbox>
      <xmin>56.1220703125</xmin>
      <ymin>35.365234375</ymin>
      <xmax>237.4985809326172</xmax>
      <ymax>125.7835922241211</ymax>
    </bndbox>
  </object>
</annotation>
