<annotation>
  <folder></folder>
  <filename>127.jpg</filename>
  <source>
    <database>Unknown</database>
    <annotation>Unknown</annotation>
    <image>Unknown</image>
  </source>
  <size>
    <width>300</width>
    <height>200</height>
    <depth>3</depth>
  </size>
  <segmented>0</segmented>
  <object>
    <name>window</name>
    <bndbox>
      <xmin>126.8369140625</xmin>
      <ymin>70.453125</ymin>
      <xmax>171.3713264465332</xmax>
      <ymax>117.41668701171875</ymax>
    </bndbox>
  </object>
</annotation>
