<annotation>
  <folder></folder>
  <filename>129.jpg</filename>
  <source>
    <database>Unknown</database>
    <annotation>Unknown</annotation>
    <image>Unknown</image>
  </source>
  <size>
    <width>300</width>
    <height>200</height>
    <depth>3</depth>
  </size>
  <segmented>0</segmented>
  <object>
    <name>window</name>
    <bndbox>
      <xmin>23.732421875</xmin>
      <ymin>21.330078125</ymin>
      <xmax>243.16561889648438</xmax>
      <ymax>124.70390319824219</ymax>
    </bndbox>
  </object>
</annotation>
