<annotation>
  <folder></folder>
  <filename>14.jpg</filename>
  <source>
    <database>Unknown</database>
    <annotation>Unknown</annotation>
    <image>Unknown</image>
  </source>
  <size>
    <width>300</width>
    <height>200</height>
    <depth>3</depth>
  </size>
  <segmented>0</segmented>
  <object>
    <name>window</name>
    <bndbox>
      <xmin>111.4521484375</xmin>
      <ymin>44.5419921875</ymin>
      <xmax>239.3873748779297</xmax>
      <ymax>128.48261260986328</ymax>
    </bndbox>
  </object>
</annotation>
