<annotation>
  <folder></folder>
  <filename>15.jpg</filename>
  <source>
    <database>Unknown</database>
    <annotation>Unknown</annotation>
    <image>Unknown</image>
  </source>
  <size>
    <width>300</width>
    <height>200</height>
    <depth>3</depth>
  </size>
  <segmented>0</segmented>
  <object>
    <name>window</name>
    <bndbox>
      <xmin>86.3505859375</xmin>
      <ymin>45.3525390625</ymin>
      <xmax>201.60025024414062</xmax>
      <ymax>107.43081283569336</ymax>
    </bndbox>
  </object>
</annotation>
