<annotation>
  <folder></folder>
  <filename>16.jpg</filename>
  <source>
    <database>Unknown</database>
    <annotation>Unknown</annotation>
    <image>Unknown</image>
  </source>
  <size>
    <width>300</width>
    <height>200</height>
    <depth>3</depth>
  </size>
  <segmented>0</segmented>
  <object>
    <name>window</name>
    <bndbox>
      <xmin>14.826171875</xmin>
      <ymin>7.8349609375</ymin>
      <xmax>287.9705810546875</xmax>
      <ymax>152.5043182373047</ymax>
    </bndbox>
  </object>
</annotation>
