<annotation>
  <folder></folder>
  <filename>19.jpg</filename>
  <source>
    <database>Unknown</database>
    <annotation>Unknown</annotation>
    <image>Unknown</image>
  </source>
  <size>
    <width>300</width>
    <height>200</height>
    <depth>3</depth>
  </size>
  <segmented>0</segmented>
  <object>
    <name>window</name>
    <bndbox>
      <xmin>58.8203125</xmin>
      <ymin>18.361328125</ymin>
      <xmax>256.93096923828125</xmax>
      <ymax>160.0617218017578</ymax>
    </bndbox>
  </object>
</annotation>
