<annotation>
  <folder></folder>
  <filename>2.jpg</filename>
  <source>
    <database>Unknown</database>
    <annotation>Unknown</annotation>
    <image>Unknown</image>
  </source>
  <size>
    <width>300</width>
    <height>200</height>
    <depth>3</depth>
  </size>
  <segmented>0</segmented>
  <object>
    <name>window</name>
    <bndbox>
      <xmin>62.869140625</xmin>
      <ymin>15.931640625</ymin>
      <xmax>222.92312622070312</xmax>
      <ymax>139.81827545166016</ymax>
    </bndbox>
  </object>
</annotation>
