<annotation>
  <folder></folder>
  <filename>21.jpg</filename>
  <source>
    <database>Unknown</database>
    <annotation>Unknown</annotation>
    <image>Unknown</image>
  </source>
  <size>
    <width>300</width>
    <height>200</height>
    <depth>3</depth>
  </size>
  <segmented>0</segmented>
  <object>
    <name>window</name>
    <bndbox>
      <xmin>9.158203125</xmin>
      <ymin>10.53515625</ymin>
      <xmax>233.17979431152344</xmax>
      <ymax>124.97510528564453</ymax>
    </bndbox>
  </object>
</annotation>
