<annotation>
  <folder></folder>
  <filename>22.jpg</filename>
  <source>
    <database>Unknown</database>
    <annotation>Unknown</annotation>
    <image>Unknown</image>
  </source>
  <size>
    <width>300</width>
    <height>200</height>
    <depth>3</depth>
  </size>
  <segmented>0</segmented>
  <object>
    <name>window</name>
    <bndbox>
      <xmin>51.2626953125</xmin>
      <ymin>28.3486328125</ymin>
      <xmax>247.75392150878906</xmax>
      <ymax>141.97886657714844</ymax>
    </bndbox>
  </object>
</annotation>
