<annotation>
  <folder></folder>
  <filename>23.jpg</filename>
  <source>
    <database>Unknown</database>
    <annotation>Unknown</annotation>
    <image>Unknown</image>
  </source>
  <size>
    <width>300</width>
    <height>200</height>
    <depth>3</depth>
  </size>
  <segmented>0</segmented>
  <object>
    <name>window</name>
    <bndbox>
      <xmin>116.041015625</xmin>
      <ymin>45.3525390625</ymin>
      <xmax>280.6833953857422</xmax>
      <ymax>118.49693298339844</ymax>
    </bndbox>
  </object>
</annotation>
