<annotation>
  <folder></folder>
  <filename>26.jpg</filename>
  <source>
    <database>Unknown</database>
    <annotation>Unknown</annotation>
    <image>Unknown</image>
  </source>
  <size>
    <width>300</width>
    <height>200</height>
    <depth>3</depth>
  </size>
  <segmented>0</segmented>
  <object>
    <name>window</name>
    <bndbox>
      <xmin>94.98828125</xmin>
      <ymin>9.5</ymin>
      <xmax>281.2230987548828</xmax>
      <ymax>146.56744384765625</ymax>
    </bndbox>
  </object>
</annotation>
