<annotation>
  <folder></folder>
  <filename>28.jpg</filename>
  <source>
    <database>Unknown</database>
    <annotation>Unknown</annotation>
    <image>Unknown</image>
  </source>
  <size>
    <width>300</width>
    <height>200</height>
    <depth>3</depth>
  </size>
  <segmented>0</segmented>
  <object>
    <name>window</name>
    <bndbox>
      <xmin>164.623046875</xmin>
      <ymin>9.724609375</ymin>
      <xmax>256.3909225463867</xmax>
      <ymax>129.29276275634766</ymax>
    </bndbox>
  </object>
</annotation>
