<annotation>
  <folder></folder>
  <filename>3.jpg</filename>
  <source>
    <database>Unknown</database>
    <annotation>Unknown</annotation>
    <image>Unknown</image>
  </source>
  <size>
    <width>300</width>
    <height>200</height>
    <depth>3</depth>
  </size>
  <segmented>0</segmented>
  <object>
    <name>window</name>
    <bndbox>
      <xmin>36.958984375</xmin>
      <ymin>62.6259765625</ymin>
      <xmax>230.2113494873047</xmax>
      <ymax>138.19952392578125</ymax>
    </bndbox>
  </object>
</annotation>
