<annotation>
  <folder></folder>
  <filename>30.jpg</filename>
  <source>
    <database>Unknown</database>
    <annotation>Unknown</annotation>
    <image>Unknown</image>
  </source>
  <size>
    <width>300</width>
    <height>200</height>
    <depth>3</depth>
  </size>
  <segmented>0</segmented>
  <object>
    <name>window</name>
    <bndbox>
      <xmin>42.0869140625</xmin>
      <ymin>13.2333984375</ymin>
      <xmax>232.91012573242188</xmax>
      <ymax>139.0093765258789</ymax>
    </bndbox>
  </object>
</annotation>
