<annotation>
  <folder></folder>
  <filename>33.jpg</filename>
  <source>
    <database>Unknown</database>
    <annotation>Unknown</annotation>
    <image>Unknown</image>
  </source>
  <size>
    <width>300</width>
    <height>200</height>
    <depth>3</depth>
  </size>
  <segmented>0</segmented>
  <object>
    <name>window</name>
    <bndbox>
      <xmin>44.515625</xmin>
      <ymin>28.6171875</ymin>
      <xmax>235.60873413085938</xmax>
      <ymax>123.08412170410156</ymax>
    </bndbox>
  </object>
</annotation>
