<annotation>
  <folder></folder>
  <filename>34.jpg</filename>
  <source>
    <database>Unknown</database>
    <annotation>Unknown</annotation>
    <image>Unknown</image>
  </source>
  <size>
    <width>300</width>
    <height>200</height>
    <depth>3</depth>
  </size>
  <segmented>0</segmented>
  <object>
    <name>window</name>
    <bndbox>
      <xmin>63.6787109375</xmin>
      <ymin>20.791015625</ymin>
      <xmax>246.67466735839844</xmax>
      <ymax>157.0933074951172</ymax>
    </bndbox>
  </object>
</annotation>
