<annotation>
  <folder></folder>
  <filename>35.jpg</filename>
  <source>
    <database>Unknown</database>
    <annotation>Unknown</annotation>
    <image>Unknown</image>
  </source>
  <size>
    <width>300</width>
    <height>200</height>
    <depth>3</depth>
  </size>
  <segmented>0</segmented>
  <object>
    <name>window</name>
    <bndbox>
      <xmin>44.80000000000109</xmin>
      <ymin>34.015625</ymin>
      <xmax>253.15318298339844</xmax>
      <ymax>180.57432556152344</ymax>
    </bndbox>
  </object>
</annotation>
