<annotation>
  <folder></folder>
  <filename>37.jpg</filename>
  <source>
    <database>Unknown</database>
    <annotation>Unknown</annotation>
    <image>Unknown</image>
  </source>
  <size>
    <width>300</width>
    <height>200</height>
    <depth>3</depth>
  </size>
  <segmented>0</segmented>
  <object>
    <name>window</name>
    <bndbox>
      <xmin>10.2373046875</xmin>
      <ymin>47.51171875</ymin>
      <xmax>290.12933349609375</xmax>
      <ymax>144.40780639648438</ymax>
    </bndbox>
  </object>
</annotation>
