<annotation>
  <folder></folder>
  <filename>38.jpg</filename>
  <source>
    <database>Unknown</database>
    <annotation>Unknown</annotation>
    <image>Unknown</image>
  </source>
  <size>
    <width>300</width>
    <height>200</height>
    <depth>3</depth>
  </size>
  <segmented>0</segmented>
  <object>
    <name>window</name>
    <bndbox>
      <xmin>117.1201171875</xmin>
      <ymin>26.189453125</ymin>
      <xmax>204.29959869384766</xmax>
      <ymax>126.32440185546875</ymax>
    </bndbox>
  </object>
</annotation>
