<annotation>
  <folder></folder>
  <filename>39.jpg</filename>
  <source>
    <database>Unknown</database>
    <annotation>Unknown</annotation>
    <image>Unknown</image>
  </source>
  <size>
    <width>300</width>
    <height>200</height>
    <depth>3</depth>
  </size>
  <segmented>0</segmented>
  <object>
    <name>window</name>
    <bndbox>
      <xmin>70.6962890625</xmin>
      <ymin>23.4892578125</ymin>
      <xmax>257.47093200683594</xmax>
      <ymax>148.72542572021484</ymax>
    </bndbox>
  </object>
</annotation>
