<annotation>
  <folder></folder>
  <filename>4.jpg</filename>
  <source>
    <database>Unknown</database>
    <annotation>Unknown</annotation>
    <image>Unknown</image>
  </source>
  <size>
    <width>300</width>
    <height>200</height>
    <depth>3</depth>
  </size>
  <segmented>0</segmented>
  <object>
    <name>window</name>
    <bndbox>
      <xmin>67.4580078125</xmin>
      <ymin>54.798828125</ymin>
      <xmax>231.56057739257812</xmax>
      <ymax>166.26981353759766</ymax>
    </bndbox>
  </object>
</annotation>
