<annotation>
  <folder></folder>
  <filename>40.jpg</filename>
  <source>
    <database>Unknown</database>
    <annotation>Unknown</annotation>
    <image>Unknown</image>
  </source>
  <size>
    <width>300</width>
    <height>200</height>
    <depth>3</depth>
  </size>
  <segmented>0</segmented>
  <object>
    <name>window</name>
    <bndbox>
      <xmin>68.8076171875</xmin>
      <ymin>5.67578125</ymin>
      <xmax>231.02084350585938</xmax>
      <ymax>125.24393463134766</ymax>
    </bndbox>
  </object>
</annotation>
