<annotation>
  <folder></folder>
  <filename>41.jpg</filename>
  <source>
    <database>Unknown</database>
    <annotation>Unknown</annotation>
    <image>Unknown</image>
  </source>
  <size>
    <width>300</width>
    <height>200</height>
    <depth>3</depth>
  </size>
  <segmented>0</segmented>
  <object>
    <name>window</name>
    <bndbox>
      <xmin>131.6953125</xmin>
      <ymin>19.1708984375</ymin>
      <xmax>239.11771392822266</xmax>
      <ymax>130.64188385009766</ymax>
    </bndbox>
  </object>
</annotation>
