<annotation>
  <folder></folder>
  <filename>42.jpg</filename>
  <source>
    <database>Unknown</database>
    <annotation>Unknown</annotation>
    <image>Unknown</image>
  </source>
  <size>
    <width>300</width>
    <height>200</height>
    <depth>3</depth>
  </size>
  <segmented>0</segmented>
  <object>
    <name>window</name>
    <bndbox>
      <xmin>0.0</xmin>
      <ymin>19.400000000001455</ymin>
      <xmax>275.28424072265625</xmax>
      <ymax>129.02271270751953</ymax>
    </bndbox>
  </object>
</annotation>
