<annotation>
  <folder></folder>
  <filename>44.jpg</filename>
  <source>
    <database>Unknown</database>
    <annotation>Unknown</annotation>
    <image>Unknown</image>
  </source>
  <size>
    <width>300</width>
    <height>200</height>
    <depth>3</depth>
  </size>
  <segmented>0</segmented>
  <object>
    <name>window</name>
    <bndbox>
      <xmin>63.9482421875</xmin>
      <ymin>54.5</ymin>
      <xmax>263.40843200683594</xmax>
      <ymax>110.1296272277832</ymax>
    </bndbox>
  </object>
</annotation>
