<annotation>
  <folder></folder>
  <filename>45.jpg</filename>
  <source>
    <database>Unknown</database>
    <annotation>Unknown</annotation>
    <image>Unknown</image>
  </source>
  <size>
    <width>300</width>
    <height>200</height>
    <depth>3</depth>
  </size>
  <segmented>0</segmented>
  <object>
    <name>window</name>
    <bndbox>
      <xmin>120.62890625</xmin>
      <ymin>24.5693359375</ymin>
      <xmax>239.6572494506836</xmax>
      <ymax>174.36691284179688</ymax>
    </bndbox>
  </object>
</annotation>
