<annotation>
  <folder></folder>
  <filename>46.jpg</filename>
  <source>
    <database>Unknown</database>
    <annotation>Unknown</annotation>
    <image>Unknown</image>
  </source>
  <size>
    <width>300</width>
    <height>200</height>
    <depth>3</depth>
  </size>
  <segmented>0</segmented>
  <object>
    <name>window</name>
    <bndbox>
      <xmin>52.3427734375</xmin>
      <ymin>26.728515625</ymin>
      <xmax>255.31173706054688</xmax>
      <ymax>141.7082748413086</ymax>
    </bndbox>
  </object>
</annotation>
