<annotation>
  <folder></folder>
  <filename>47.jpg</filename>
  <source>
    <database>Unknown</database>
    <annotation>Unknown</annotation>
    <image>Unknown</image>
  </source>
  <size>
    <width>300</width>
    <height>200</height>
    <depth>3</depth>
  </size>
  <segmented>0</segmented>
  <object>
    <name>window</name>
    <bndbox>
      <xmin>8.6171875</xmin>
      <ymin>19.1708984375</ymin>
      <xmax>277.4430847167969</xmax>
      <ymax>152.77413940429688</ymax>
    </bndbox>
  </object>
</annotation>
