<annotation>
  <folder></folder>
  <filename>48.jpg</filename>
  <source>
    <database>Unknown</database>
    <annotation>Unknown</annotation>
    <image>Unknown</image>
  </source>
  <size>
    <width>300</width>
    <height>200</height>
    <depth>3</depth>
  </size>
  <segmented>0</segmented>
  <object>
    <name>window</name>
    <bndbox>
      <xmin>43.4365234375</xmin>
      <ymin>84.7578125</ymin>
      <xmax>182.4378662109375</xmax>
      <ymax>141.1680679321289</ymax>
    </bndbox>
  </object>
</annotation>
