<annotation>
  <folder></folder>
  <filename>5.jpg</filename>
  <source>
    <database>Unknown</database>
    <annotation>Unknown</annotation>
    <image>Unknown</image>
  </source>
  <size>
    <width>300</width>
    <height>200</height>
    <depth>3</depth>
  </size>
  <segmented>0</segmented>
  <object>
    <name>window</name>
    <bndbox>
      <xmin>76.3642578125</xmin>
      <ymin>8.64453125</ymin>
      <xmax>159.22525787353516</xmax>
      <ymax>129.83211517333984</ymax>
    </bndbox>
  </object>
</annotation>
