<annotation>
  <folder></folder>
  <filename>50.jpg</filename>
  <source>
    <database>Unknown</database>
    <annotation>Unknown</annotation>
    <image>Unknown</image>
  </source>
  <size>
    <width>300</width>
    <height>200</height>
    <depth>3</depth>
  </size>
  <segmented>0</segmented>
  <object>
    <name>window</name>
    <bndbox>
      <xmin>29.6708984375</xmin>
      <ymin>12.154296875</ymin>
      <xmax>253.1526641845703</xmax>
      <ymax>145.2177276611328</ymax>
    </bndbox>
  </object>
</annotation>
