<annotation>
  <folder></folder>
  <filename>57.jpg</filename>
  <source>
    <database>Unknown</database>
    <annotation>Unknown</annotation>
    <image>Unknown</image>
  </source>
  <size>
    <width>300</width>
    <height>200</height>
    <depth>3</depth>
  </size>
  <segmented>0</segmented>
  <object>
    <name>window</name>
    <bndbox>
      <xmin>184.5966796875</xmin>
      <ymin>45.08203125</ymin>
      <xmax>252.34296417236328</xmax>
      <ymax>131.72171020507812</ymax>
    </bndbox>
  </object>
</annotation>
