<annotation>
  <folder></folder>
  <filename>58.jpg</filename>
  <source>
    <database>Unknown</database>
    <annotation>Unknown</annotation>
    <image>Unknown</image>
  </source>
  <size>
    <width>300</width>
    <height>200</height>
    <depth>3</depth>
  </size>
  <segmented>0</segmented>
  <object>
    <name>window</name>
    <bndbox>
      <xmin>36.958984375</xmin>
      <ymin>17.5517578125</ymin>
      <xmax>244.51634216308594</xmax>
      <ymax>131.99170684814453</ymax>
    </bndbox>
  </object>
</annotation>
