<annotation>
  <folder></folder>
  <filename>6.jpg</filename>
  <source>
    <database>Unknown</database>
    <annotation>Unknown</annotation>
    <image>Unknown</image>
  </source>
  <size>
    <width>300</width>
    <height>200</height>
    <depth>3</depth>
  </size>
  <segmented>0</segmented>
  <object>
    <name>window</name>
    <bndbox>
      <xmin>40.736328125</xmin>
      <ymin>17.822265625</ymin>
      <xmax>252.61216735839844</xmax>
      <ymax>122.27570343017578</ymax>
    </bndbox>
  </object>
</annotation>
