<annotation>
  <folder></folder>
  <filename>60.jpg</filename>
  <source>
    <database>Unknown</database>
    <annotation>Unknown</annotation>
    <image>Unknown</image>
  </source>
  <size>
    <width>300</width>
    <height>200</height>
    <depth>3</depth>
  </size>
  <segmented>0</segmented>
  <object>
    <name>window</name>
    <bndbox>
      <xmin>160.845703125</xmin>
      <ymin>47.78125</ymin>
      <xmax>245.86595153808594</xmax>
      <ymax>127.94319152832031</ymax>
    </bndbox>
  </object>
</annotation>
