<annotation>
  <folder></folder>
  <filename>63.jpg</filename>
  <source>
    <database>Unknown</database>
    <annotation>Unknown</annotation>
    <image>Unknown</image>
  </source>
  <size>
    <width>300</width>
    <height>200</height>
    <depth>3</depth>
  </size>
  <segmented>0</segmented>
  <object>
    <name>window</name>
    <bndbox>
      <xmin>53.15234375</xmin>
      <ymin>23.220703125</ymin>
      <xmax>267.9971466064453</xmax>
      <ymax>141.4393310546875</ymax>
    </bndbox>
  </object>
</annotation>
