<annotation>
  <folder></folder>
  <filename>64.jpg</filename>
  <source>
    <database>Unknown</database>
    <annotation>Unknown</annotation>
    <image>Unknown</image>
  </source>
  <size>
    <width>300</width>
    <height>200</height>
    <depth>3</depth>
  </size>
  <segmented>0</segmented>
  <object>
    <name>window</name>
    <bndbox>
      <xmin>65.298828125</xmin>
      <ymin>12.962890625</ymin>
      <xmax>229.9412078857422</xmax>
      <ymax>119.8454818725586</ymax>
    </bndbox>
  </object>
</annotation>
