<annotation>
  <folder></folder>
  <filename>68.jpg</filename>
  <source>
    <database>Unknown</database>
    <annotation>Unknown</annotation>
    <image>Unknown</image>
  </source>
  <size>
    <width>300</width>
    <height>200</height>
    <depth>3</depth>
  </size>
  <segmented>0</segmented>
  <object>
    <name>window</name>
    <bndbox>
      <xmin>62.0595703125</xmin>
      <ymin>42.3828125</ymin>
      <xmax>222.92327880859375</xmax>
      <ymax>110.39900970458984</ymax>
    </bndbox>
  </object>
</annotation>
