<annotation>
  <folder></folder>
  <filename>69.jpg</filename>
  <source>
    <database>Unknown</database>
    <annotation>Unknown</annotation>
    <image>Unknown</image>
  </source>
  <size>
    <width>300</width>
    <height>200</height>
    <depth>3</depth>
  </size>
  <segmented>0</segmented>
  <object>
    <name>window</name>
    <bndbox>
      <xmin>93.0986328125</xmin>
      <ymin>11.8837890625</ymin>
      <xmax>204.56961822509766</xmax>
      <ymax>132.53156280517578</ymax>
    </bndbox>
  </object>
</annotation>
