<annotation>
  <folder></folder>
  <filename>71.jpg</filename>
  <source>
    <database>Unknown</database>
    <annotation>Unknown</annotation>
    <image>Unknown</image>
  </source>
  <size>
    <width>300</width>
    <height>200</height>
    <depth>3</depth>
  </size>
  <segmented>0</segmented>
  <object>
    <name>window</name>
    <bndbox>
      <xmin>24.8125</xmin>
      <ymin>16.5</ymin>
      <xmax>234.79901123046875</xmax>
      <ymax>119.57682800292969</ymax>
    </bndbox>
  </object>
</annotation>
