<annotation>
  <folder></folder>
  <filename>73.jpg</filename>
  <source>
    <database>Unknown</database>
    <annotation>Unknown</annotation>
    <image>Unknown</image>
  </source>
  <size>
    <width>300</width>
    <height>200</height>
    <depth>3</depth>
  </size>
  <segmented>0</segmented>
  <object>
    <name>window</name>
    <bndbox>
      <xmin>105.244140625</xmin>
      <ymin>15.931640625</ymin>
      <xmax>282.57208251953125</xmax>
      <ymax>116.87630462646484</ymax>
    </bndbox>
  </object>
</annotation>
