<annotation>
  <folder></folder>
  <filename>75.jpg</filename>
  <source>
    <database>Unknown</database>
    <annotation>Unknown</annotation>
    <image>Unknown</image>
  </source>
  <size>
    <width>300</width>
    <height>200</height>
    <depth>3</depth>
  </size>
  <segmented>0</segmented>
  <object>
    <name>window</name>
    <bndbox>
      <xmin>61.25</xmin>
      <ymin>12.962890625</ymin>
      <xmax>146.54014587402344</xmax>
      <ymax>127.1329345703125</ymax>
    </bndbox>
  </object>
</annotation>
