<annotation>
  <folder></folder>
  <filename>77.jpg</filename>
  <source>
    <database>Unknown</database>
    <annotation>Unknown</annotation>
    <image>Unknown</image>
  </source>
  <size>
    <width>300</width>
    <height>200</height>
    <depth>3</depth>
  </size>
  <segmented>0</segmented>
  <object>
    <name>window</name>
    <bndbox>
      <xmin>104.4345703125</xmin>
      <ymin>0.818359375</ymin>
      <xmax>267.45750427246094</xmax>
      <ymax>170.85885620117188</ymax>
    </bndbox>
  </object>
</annotation>
