<annotation>
  <folder></folder>
  <filename>8.jpg</filename>
  <source>
    <database>Unknown</database>
    <annotation>Unknown</annotation>
    <image>Unknown</image>
  </source>
  <size>
    <width>300</width>
    <height>200</height>
    <depth>3</depth>
  </size>
  <segmented>0</segmented>
  <object>
    <name>window</name>
    <bndbox>
      <xmin>96.337890625</xmin>
      <ymin>24.0302734375</ymin>
      <xmax>209.1584014892578</xmax>
      <ymax>126.5943832397461</ymax>
    </bndbox>
  </object>
</annotation>
