<annotation>
  <folder></folder>
  <filename>80.jpg</filename>
  <source>
    <database>Unknown</database>
    <annotation>Unknown</annotation>
    <image>Unknown</image>
  </source>
  <size>
    <width>300</width>
    <height>200</height>
    <depth>3</depth>
  </size>
  <segmented>0</segmented>
  <object>
    <name>window</name>
    <bndbox>
      <xmin>122.248046875</xmin>
      <ymin>22.6796875</ymin>
      <xmax>295.79730224609375</xmax>
      <ymax>155.7431182861328</ymax>
    </bndbox>
  </object>
</annotation>
