<annotation>
  <folder></folder>
  <filename>81.jpg</filename>
  <source>
    <database>Unknown</database>
    <annotation>Unknown</annotation>
    <image>Unknown</image>
  </source>
  <size>
    <width>300</width>
    <height>200</height>
    <depth>3</depth>
  </size>
  <segmented>0</segmented>
  <object>
    <name>window</name>
    <bndbox>
      <xmin>56.931640625</xmin>
      <ymin>23.759765625</ymin>
      <xmax>210.50787353515625</xmax>
      <ymax>150.8852767944336</ymax>
    </bndbox>
  </object>
</annotation>
