<annotation>
  <folder></folder>
  <filename>82.jpg</filename>
  <source>
    <database>Unknown</database>
    <annotation>Unknown</annotation>
    <image>Unknown</image>
  </source>
  <size>
    <width>300</width>
    <height>200</height>
    <depth>3</depth>
  </size>
  <segmented>0</segmented>
  <object>
    <name>window</name>
    <bndbox>
      <xmin>68.267578125</xmin>
      <ymin>29.427734375</ymin>
      <xmax>231.29051208496094</xmax>
      <ymax>140.62881469726562</ymax>
    </bndbox>
  </object>
</annotation>
