<annotation>
  <folder></folder>
  <filename>83.jpg</filename>
  <source>
    <database>Unknown</database>
    <annotation>Unknown</annotation>
    <image>Unknown</image>
  </source>
  <size>
    <width>300</width>
    <height>200</height>
    <depth>3</depth>
  </size>
  <segmented>0</segmented>
  <object>
    <name>window</name>
    <bndbox>
      <xmin>94.447265625</xmin>
      <ymin>28.8876953125</ymin>
      <xmax>199.1706085205078</xmax>
      <ymax>171.9376220703125</ymax>
    </bndbox>
  </object>
</annotation>
