<annotation>
  <folder></folder>
  <filename>84.jpg</filename>
  <source>
    <database>Unknown</database>
    <annotation>Unknown</annotation>
    <image>Unknown</image>
  </source>
  <size>
    <width>300</width>
    <height>200</height>
    <depth>3</depth>
  </size>
  <segmented>0</segmented>
  <object>
    <name>window</name>
    <bndbox>
      <xmin>26.162109375</xmin>
      <ymin>39.6845703125</ymin>
      <xmax>292.0190734863281</xmax>
      <ymax>164.92073822021484</ymax>
    </bndbox>
  </object>
</annotation>
