<annotation>
  <folder></folder>
  <filename>87.jpg</filename>
  <source>
    <database>Unknown</database>
    <annotation>Unknown</annotation>
    <image>Unknown</image>
  </source>
  <size>
    <width>300</width>
    <height>200</height>
    <depth>3</depth>
  </size>
  <segmented>0</segmented>
  <object>
    <name>window</name>
    <bndbox>
      <xmin>134.93359375</xmin>
      <ymin>47.51171875</ymin>
      <xmax>249.9133529663086</xmax>
      <ymax>131.18243408203125</ymax>
    </bndbox>
  </object>
</annotation>
