<annotation>
  <folder></folder>
  <filename>89.jpg</filename>
  <source>
    <database>Unknown</database>
    <annotation>Unknown</annotation>
    <image>Unknown</image>
  </source>
  <size>
    <width>300</width>
    <height>200</height>
    <depth>3</depth>
  </size>
  <segmented>0</segmented>
  <object>
    <name>window</name>
    <bndbox>
      <xmin>71.7763671875</xmin>
      <ymin>22.9501953125</ymin>
      <xmax>216.71563720703125</xmax>
      <ymax>134.69107818603516</ymax>
    </bndbox>
  </object>
</annotation>
