<annotation>
  <folder></folder>
  <filename>9.jpg</filename>
  <source>
    <database>Unknown</database>
    <annotation>Unknown</annotation>
    <image>Unknown</image>
  </source>
  <size>
    <width>300</width>
    <height>200</height>
    <depth>3</depth>
  </size>
  <segmented>0</segmented>
  <object>
    <name>window</name>
    <bndbox>
      <xmin>54.7724609375</xmin>
      <ymin>44.0029296875</ymin>
      <xmax>262.59971618652344</xmax>
      <ymax>122.81534576416016</ymax>
    </bndbox>
  </object>
</annotation>
