<annotation>
  <folder></folder>
  <filename>90.jpg</filename>
  <source>
    <database>Unknown</database>
    <annotation>Unknown</annotation>
    <image>Unknown</image>
  </source>
  <size>
    <width>300</width>
    <height>200</height>
    <depth>3</depth>
  </size>
  <segmented>0</segmented>
  <object>
    <name>window</name>
    <bndbox>
      <xmin>78.5234375</xmin>
      <ymin>52.6396484375</ymin>
      <xmax>213.47621154785156</xmax>
      <ymax>137.92979431152344</ymax>
    </bndbox>
  </object>
</annotation>
