<annotation>
  <folder></folder>
  <filename>91.jpg</filename>
  <source>
    <database>Unknown</database>
    <annotation>Unknown</annotation>
    <image>Unknown</image>
  </source>
  <size>
    <width>300</width>
    <height>200</height>
    <depth>3</depth>
  </size>
  <segmented>0</segmented>
  <object>
    <name>window</name>
    <bndbox>
      <xmin>166.2421875</xmin>
      <ymin>1.0869140625</ymin>
      <xmax>284.19091033935547</xmax>
      <ymax>127.94251251220703</ymax>
    </bndbox>
  </object>
</annotation>
