<annotation>
  <folder></folder>
  <filename>93.jpg</filename>
  <source>
    <database>Unknown</database>
    <annotation>Unknown</annotation>
    <image>Unknown</image>
  </source>
  <size>
    <width>300</width>
    <height>200</height>
    <depth>3</depth>
  </size>
  <segmented>0</segmented>
  <object>
    <name>window</name>
    <bndbox>
      <xmin>81.4931640625</xmin>
      <ymin>21.87109375</ymin>
      <xmax>224.0032958984375</xmax>
      <ymax>118.49727630615234</ymax>
    </bndbox>
  </object>
</annotation>
