<annotation>
  <folder></folder>
  <filename>94.jpg</filename>
  <source>
    <database>Unknown</database>
    <annotation>Unknown</annotation>
    <image>Unknown</image>
  </source>
  <size>
    <width>300</width>
    <height>200</height>
    <depth>3</depth>
  </size>
  <segmented>0</segmented>
  <object>
    <name>window</name>
    <bndbox>
      <xmin>55.3115234375</xmin>
      <ymin>32.126953125</ymin>
      <xmax>174.6097640991211</xmax>
      <ymax>128.75313568115234</ymax>
    </bndbox>
  </object>
</annotation>
