<annotation>
  <folder></folder>
  <filename>95.jpg</filename>
  <source>
    <database>Unknown</database>
    <annotation>Unknown</annotation>
    <image>Unknown</image>
  </source>
  <size>
    <width>300</width>
    <height>200</height>
    <depth>3</depth>
  </size>
  <segmented>0</segmented>
  <object>
    <name>window</name>
    <bndbox>
      <xmin>58.8203125</xmin>
      <ymin>11.6142578125</ymin>
      <xmax>248.8338165283203</xmax>
      <ymax>194.88011169433594</ymax>
    </bndbox>
  </object>
</annotation>
