<annotation>
  <folder></folder>
  <filename>96.jpg</filename>
  <source>
    <database>Unknown</database>
    <annotation>Unknown</annotation>
    <image>Unknown</image>
  </source>
  <size>
    <width>300</width>
    <height>200</height>
    <depth>3</depth>
  </size>
  <segmented>0</segmented>
  <object>
    <name>window</name>
    <bndbox>
      <xmin>39.927734375</xmin>
      <ymin>46.4326171875</ymin>
      <xmax>247.48509216308594</xmax>
      <ymax>141.1694564819336</ymax>
    </bndbox>
  </object>
</annotation>
