<annotation>
  <folder></folder>
  <filename>97.jpg</filename>
  <source>
    <database>Unknown</database>
    <annotation>Unknown</annotation>
    <image>Unknown</image>
  </source>
  <size>
    <width>300</width>
    <height>200</height>
    <depth>3</depth>
  </size>
  <segmented>0</segmented>
  <object>
    <name>window</name>
    <bndbox>
      <xmin>91.7490234375</xmin>
      <ymin>9.455078125</ymin>
      <xmax>293.6383514404297</xmax>
      <ymax>144.94764709472656</ymax>
    </bndbox>
  </object>
</annotation>
