<annotation>
  <folder></folder>
  <filename>98.jpg</filename>
  <source>
    <database>Unknown</database>
    <annotation>Unknown</annotation>
    <image>Unknown</image>
  </source>
  <size>
    <width>300</width>
    <height>200</height>
    <depth>3</depth>
  </size>
  <segmented>0</segmented>
  <object>
    <name>window</name>
    <bndbox>
      <xmin>57.201171875</xmin>
      <ymin>31.587890625</ymin>
      <xmax>178.1188507080078</xmax>
      <ymax>144.1385040283203</ymax>
    </bndbox>
  </object>
</annotation>
