<annotation>
  <folder></folder>
  <filename>99.jpg</filename>
  <source>
    <database>Unknown</database>
    <annotation>Unknown</annotation>
    <image>Unknown</image>
  </source>
  <size>
    <width>300</width>
    <height>200</height>
    <depth>3</depth>
  </size>
  <segmented>0</segmented>
  <object>
    <name>window</name>
    <bndbox>
      <xmin>54.7724609375</xmin>
      <ymin>20.2509765625</ymin>
      <xmax>240.1975555419922</xmax>
      <ymax>143.32789611816406</ymax>
    </bndbox>
  </object>
</annotation>
